fid,shapeName,shapeiso,shapeid,shapegroup,shapetype,total_building_area,total_flooded_building_area,flooded_building_count,total_num_buildings,percentage_flooded,flooded_grid_length,total_grid_length,percentage_grid_flooded,_merge,relative_wealth_index,_merge2,flooded_road_length,total_roads_length,percentage_flooded_roads,_merge3,gdp_ppp,_merge4,flooded_cropland,cropland_not-affected,flooded_builtup,cropland,builtup,_merge5,flooded_total_dependency_2024,flooded_elderly_dependency_2024,flooded_child_dependency_2024,flooded_rate_below_5_2024,flooded_rate_above_65_2024,flooded_female_pop_2024,flooded_male_pop_2024,flooded_pop_2024,flooded_pop_2024_perc,flooded_child_pop_2024,flooded_active_pop_2024,flooded_elderly_pop_2024,female_pop_2024,male_pop_2024,pop_2024,_merge6,_merge7
72,Sarail,,5055444B36413802235947,BGD,ADM3,4126151.8,40522.426,1267,87734,1.444,15880,46960,33.799999,Matched (3),0.025299293,Matched (3),12420,119780,10.37,Matched (3),720843776,Matched (3),299842,89183.44,3565.4973,389025.44,97647.164,Matched (3),65.128571,9.0274067,56.101162,11.824917,5.4668956,31520.125,29050.068,60570.191,19.07,20578.258,36680.625,3311.3093,165317.34,152362.36,317679.72,Matched (3),Matched (3)
48,Nasirnagar,,5055444B53942313768557,BGD,ADM3,4185611.5,57412.418,2014,91605,2.1989999,27940,72540,38.5,Matched (3),-0.202883446,Matched (3),30480,189120,16.120001,Matched (3),662484800,Matched (3),412587.41,181950.78,3844.1667,594538.19,109392.88,Matched (3),64.774437,9.033185,55.741257,11.761867,5.4825239,29843.178,27642.486,57485.664,19.07,19411.957,34915.793,3157.9133,156599.25,144841.66,301440.91,Matched (3),Matched (3)
45,Comilla Sadar Dakshin,,5055444B83041215814881,BGD,ADM3,11836433,25596.313,462,197757,0.234,9660,73740,13.1,Matched (3),0.254686329,Matched (3),35580,971420,3.6600001,Matched (3),865233088,Matched (3),122439.08,205098.86,1138.5486,327537.94,229406.5,Matched (3),57.018963,9.1394758,47.879486,9.7785378,5.8206191,28435.619,25867.271,54302.891,11.63,16558.475,34583.652,3160.7644,244607.39,222514.08,467121.47,Matched (3),Matched (3)
26,Baniachong,,5055444B40412060728075,BGD,ADM3,3941018.3,109814.56,2087,73939,2.823,22100,67420,32.799999,Matched (3),-0.292641926,Matched (3),164720,471160,34.959999,Matched (3),694006528,Matched (3),578157.81,455049.69,5662.3994,1033207.5,99239.75,Matched (3),60.25359,8.4906235,51.762966,11.443881,5.2983308,24577.191,23663.766,48240.957,15.27,15570.815,30112.813,2557.3303,161020.77,154949.86,315970.63,Matched (3),Matched (3)
25,Burichang,,5055444B51169249412494,BGD,ADM3,6422658.5,14175.749,343,105850,0.324,8200,53680,15.3,Matched (3),0.09576183,Matched (3),9240,253900,3.6400001,Matched (3),505627488,Matched (3),91659.539,122580.73,1220.7805,214240.27,167207.56,Matched (3),57.018963,9.1394758,47.879486,9.7785378,5.8206191,19157.496,17427.162,36584.656,12.84,11155.688,23299.516,2129.4536,149194.16,135718.72,284912.88,Matched (3),Matched (3)
43,Ajmiriganj,,5055444B99945132628682,BGD,ADM3,1033950.8,35043.699,810,22412,3.6140001,11660,31440,37.099998,Matched (3),-0.309839467,Matched (3),75500,170320,44.330002,Matched (3),283818272,Matched (3),231547.52,139111.61,2379.9473,370659.13,33168.961,Matched (3),60.210808,8.5108242,51.699986,11.417901,5.3122778,18555.664,17884.473,36440.137,33.47,11769.37,22729.857,1940.9111,55414.234,53447.477,108861.71,Matched (3),Matched (3)
23,Brahman Para,,5055444B87015491124884,BGD,ADM3,3624753,16733.887,432,66998,0.64499998,11420,30320,37.700001,Matched (3),0.117001814,Matched (3),3580,98200,3.6500001,Matched (3),410519968,Matched (3),119552.02,93305.29,786.75995,212857.31,92068.992,Matched (3),57.086609,9.1385412,47.948067,9.7956076,5.8176684,18930.162,17221.994,36152.156,22.08,11032.938,23015.867,2103.3516,85749.797,78014.773,163764.56,Matched (3),Matched (3)
55,Debidwar,,5055444B86934116157766,BGD,ADM3,7586241.5,14929.475,496,155562,0.31900001,5300,57440,9.1999998,Matched (3),0.189756285,Matched (3),9360,679660,1.38,Matched (3),853685312,Matched (3),75407.719,237216.25,1612.5356,312623.97,221203.23,Matched (3),57.018963,9.1394758,47.879486,9.7785378,5.8206191,18713.162,17022.961,35736.125,9.15,10896.947,22759.113,2080.0637,204495.13,186024.81,390519.94,Matched (3),Matched (3)
52,Nabinagar,,5055444B46982243115028,BGD,ADM3,8028539.5,27808.635,749,182045,0.41100001,9560,106340,9,Matched (3),0.093116628,Matched (3),18160,467620,3.8800001,Matched (3),1353698304,Matched (3),159871.88,411202.81,2316.2046,571074.69,234276.02,Matched (3),65.078072,9.0214472,56.056625,11.815796,5.4647946,16302.334,15030.42,31332.754,6.63,10636.791,18984.002,1711.9625,245853.86,226617.22,472471.09,Matched (3),Matched (3)
8,Rajnagar,,5055444B11792824344189,BGD,ADM3,4538648,29911.395,506,57123,0.88599998,24700,84060,29.4,Matched (3),0.05528034,Matched (3),30240,335660,9.0100002,Matched (3),298514080,Matched (3),266412.31,217247.16,594.03979,483659.47,106675.5,Matched (3),52.60622,7.695488,44.910728,9.6211414,5.0427604,15722.392,15266.3,30988.691,13.74,9128.957,20300.387,1559.3486,114432.07,111091.73,225523.8,Matched (3),Matched (3)
49,Brahmanbaria Sadar,,5055444B14183911871917,BGD,ADM3,9068236,17557.242,523,157237,0.333,18520,93420,19.799999,Matched (3),0.135734782,Matched (3),18540,369240,5.02,Matched (3),977847872,Matched (3),170483.3,168994.08,1780.5942,339477.38,167314.53,Matched (3),65.128571,9.0274067,56.101162,11.824917,5.4668956,15949.623,14699.74,30649.363,6.45,10412.886,18560.908,1675.5687,247435.94,228045.78,475481.72,Matched (3),Matched (3)
16,Manoharganj,,5055444B22432577988520,BGD,ADM3,4030222,8051.3765,246,73226,0.336,2680,18160,14.8,Matched (3),0.150168616,Matched (3),3000,334160,0.89999998,Matched (3),188383904,Matched (3),93710.273,169540.76,235.22182,263251.03,59721.32,Matched (3),57.015045,9.1414995,47.873547,9.7772388,5.8220749,16014.096,14565.695,30579.791,13.81,9320.9316,19477.131,1781.7285,116000.73,105493.15,221493.88,Matched (3),Matched (3)
73,Bijoynagar,,5055444B37995463425931,BGD,ADM3,4356176.5,24611.779,723,83967,0.861,18020,54820,32.900002,Matched (3),0.030686339,Matched (3),4840,111820,4.3299999,Matched (3),461260896,Matched (3),219732.75,148853.28,3492.3674,368586.03,134453.98,Matched (3),65.128571,9.0274067,56.101162,11.824917,5.4668956,15571.275,14351.042,29922.316,13.33,10165.877,18120.617,1635.8219,116832.81,107696.87,224529.67,Matched (3),Matched (3)
37,Maheshkhali,,5055444B67374732574136,BGD,ADM3,6127491,540626.69,5931,70966,8.3579998,3280,31260,10.5,Matched (3),0.143932202,Matched (3),18700,187500,9.9700003,Matched (3),1173314048,Matched (3),48413.938,82265.44,759,130679.38,120374.82,Matched (3),61.794834,5.7176666,56.077168,11.557531,3.5338995,14490.636,15227.72,29718.355,8.96,10300.213,18367.926,1050.2168,161644.39,169866.63,331511,Matched (3),Matched (3)
22,Kasba,,5055444B61264629124243,BGD,ADM3,6015866,12485.187,409,116050,0.352,11080,61860,17.9,Matched (3),0.241717623,Matched (3),6620,190520,3.47,Matched (3),860947072,Matched (3),121128.81,225482.69,520.45032,346611.5,150493.59,Matched (3),65.070183,9.0282135,56.041973,11.810184,5.4694424,14930.872,13759.304,28690.176,10.15,9738.8154,17382.039,1569.3207,147060.38,135510.05,282570.44,Matched (3),Matched (3)
66,Barura,,5055444B91077345667431,BGD,ADM3,8681850,5693.439,241,175197,0.138,3480,43700,8,Matched (3),0.218447535,Matched (3),2100,396520,0.52999997,Matched (3),840137728,Matched (3),65855.227,220174.49,636,286029.72,218302,Matched (3),57.01815,9.1398373,47.878315,9.7782869,5.8208833,14751.463,13418.917,28170.379,8.03,8589.5547,17940.965,1639.8604,183831.31,167194.52,351025.84,Matched (3),Matched (3)
54,Feni Sadar,,5055444B40138424940148,BGD,ADM3,10897628,21068.162,381,132544,0.287,8480,56240,15.1,Matched (3),0.123252861,Matched (3),9280,443360,2.0899999,Matched (3),1180308096,Matched (3),114645.41,91247.09,3278.0728,205892.5,195658.08,Matched (3),51.159935,9.0231857,42.136745,8.8895054,5.9692984,13958.108,12932.141,26890.25,5.74,7495.8672,17789.227,1605.1564,243019.52,225149.63,468169.16,Matched (3),Matched (3)
10,Kulaura,,5055444B34645993170454,BGD,ADM3,7299894.5,30453.975,360,96270,0.37400001,17660,93320,18.9,Matched (3),-0.022245963,Matched (3),6180,261360,2.3599999,Matched (3),617612352,Matched (3),187283.7,339464.49,1522.6985,526748.19,185387.19,Matched (3),52.59687,7.698451,44.898418,9.6181078,5.0449767,12568.108,12193.986,24762.094,7.44,7287.6011,16225.93,1248.5638,168845.17,163784.91,332630.09,Matched (3),Matched (3)
41,Lakhai,,5055444B57247897751497,BGD,ADM3,1633196.3,19054.221,509,30426,1.673,13300,39900,33.299999,Matched (3),-0.232459315,Matched (3),12380,62340,19.860001,Matched (3),197063440,Matched (3),224145.42,159944.11,1519.0603,384089.53,43827.977,Matched (3),60.175133,8.4885321,51.6866,11.421634,5.2993889,12603.397,12096.44,24699.838,17.56,7976.3599,15413.779,1309.6982,71742.758,68917.414,140660.17,Matched (3),Matched (3)
39,Barlekha,,5055444B82170766050132,BGD,ADM3,5602964,23292.074,574,66523,0.86299998,5980,39500,15.1,Matched (3),0.014850511,Matched (3),13100,185640,7.0599999,Matched (3),663686400,Matched (3),220172.78,139126.97,843.35858,359299.75,127324.26,Matched (3),52.824245,7.6263885,45.197857,9.6919003,4.9910703,11730.671,11423.419,23154.09,8.80,6845.4434,15152.329,1156.3179,133415.69,129569.39,262985.09,Matched (3),Matched (3)
18,Nabiganj,,5055444B95626234950113,BGD,ADM3,5127545.5,17850.18,464,66377,0.699,25780,99860,25.799999,Matched (3),-0.069096659,Matched (3),29760,392780,7.5799999,Matched (3),645913024,Matched (3),292690.28,560330.60,525.99475,853020.88,134410,Matched (3),60.091419,8.428236,51.663181,11.400963,5.2641258,11660.735,11264.971,22925.705,7.65,7372.8081,14346.09,1206.808,152609.97,147048.13,299658.09,Matched (3),Matched (3)
65,Daudkandi,,5055444B33374130329407,BGD,ADM3,6784067,11037.904,222,134833,0.16500001,7240,53200,13.6,Matched (3),0.267783493,Matched (3),8080,546540,1.48,Matched (3),768874432,Matched (3),26460.543,269370.52,185.2001,295831.06,152883.67,Matched (3),56.990734,9.1401939,47.85054,9.7738085,5.822154,10057.717,9151.2344,19208.951,6.19,5854.6919,12235.977,1118.2823,162547.86,147864.45,310412.31,Matched (3),Matched (3)
38,Muradnagar,,5055444B46038543043233,BGD,ADM3,10111752,11633.864,409,236087,0.17299999,3520,83480,4.1999998,Matched (3),0.125997499,Matched (3),13020,935600,1.39,Matched (3),1236597376,Matched (3),63516.953,461570.61,528.5672,525087.56,264287.88,Matched (3),57.024113,9.1394043,47.884708,9.7798376,5.8203945,9966.5635,9066.4941,19033.057,3.94,5804.4141,12120.873,1107.7706,252864.42,230041.98,482906.41,Matched (3),Matched (3)
85,Pekua,,5055444B9589532337582,BGD,ADM3,3461397.3,193497.38,5102,58995,8.6479998,2520,15260,16.5,Matched (3),-0.081091688,Matched (3),23000,221540,10.38,Matched (3),690890816,Matched (3),72373.094,93614.91,436,165988,84275.773,Matched (3),61.794834,5.7176666,56.077168,11.557531,3.5338995,8496.499,8928.6836,17425.182,9.83,6039.4688,10769.925,615.78845,86450.055,90825.195,177275.25,Matched (3),Matched (3)
29,Sonagazi,,5055444B14188015816574,BGD,ADM3,5411055,16160.816,272,76038,0.35800001,2840,29620,9.6000004,Matched (3),0.165094632,Matched (3),14260,372360,3.8299999,Matched (3),511227040,Matched (3),75460.719,117817.59,2029.6531,193278.31,112990.35,Matched (3),51.869022,9.0106878,42.858334,9.0083685,5.9352283,8810.6016,8155.0918,16965.693,6.64,4760.9077,11195.362,1009.4228,132656.64,122840.45,255497.09,Matched (3),Matched (3)
78,Chauddagram,,5055444B9070330767349,BGD,ADM3,9874068,31858.682,735,165172,0.44499999,15500,64260,24.1,Matched (3),0.118470019,Matched (3),62920,1007420,6.25,Matched (3),840859712,Matched (3),223592.72,168190.06,2726.4695,391782.78,223969.88,Matched (3),57.018963,9.1394758,47.879486,9.7785378,5.8206191,7821.0508,7114.6421,14935.692,3.99,4554.3115,9512.0313,869.34979,196155.28,178438.25,374593.53,Matched (3),Matched (3)
61,Daganbhuiyan,,5055444B99414305730014,BGD,ADM3,4792209.5,4950.1187,117,66673,0.175,4900,40960,12,Matched (3),0.176826266,Matched (3),7640,301780,2.53,Matched (3),485043264,Matched (3),59327.613,71710.16,1440.6964,131037.77,92070.688,Matched (3),51.182289,9.0236301,42.158657,8.8928967,5.9687309,7625.6392,7064.1396,14689.778,6.51,4097.8315,9715.2383,876.70807,117154.63,108510.16,225664.8,Matched (3),Matched (3)
15,Chandina,,5055444B69698146690678,BGD,ADM3,6858523.5,4727.4858,222,152145,0.146,3180,40220,7.9000001,Matched (3),0.195895707,Matched (3),6680,633280,1.05,Matched (3),843637312,Matched (3),40982.148,233849.38,256,274831.53,168237.7,Matched (3),57.018963,9.1394758,47.879486,9.7785378,5.8206191,7441.8198,6769.6636,14211.483,4.16,4333.48,9050.8076,827.19635,179029.11,162847.64,341876.75,Matched (3),Matched (3)
77,Chakaria,,5055444B84996258897066,BGD,ADM3,9765840,662098.31,21236,177098,11.991,5620,91160,6.1999998,Matched (3),-5.19E+305,Matched (3),82400,724120,11.38,Matched (3),1792187264,Matched (3),80364.789,318534.27,372,398899.06,220704.19,Matched (3),61.743916,5.7155967,56.02832,11.555537,3.5337236,6835.3203,7192.6123,14027.933,3.16,4852.0034,8680.2822,495.64621,216230.22,227324.42,443554.63,Matched (3),Matched (3)
3,Comilla Adarsha Sadar,,5055444B48258460974709,BGD,ADM3,11173343,9769.3662,70,149643,0.046999998,3400,29540,11.5,Matched (3),0.141135659,Matched (3),4980,595360,0.83999997,Matched (3),1475478144,Matched (3),22887.912,92472.69,978.87915,115360.6,163356.45,Matched (3),57.018963,9.1394758,47.879486,9.7785378,5.8206191,6897.8438,6274.8203,13172.664,2.71,4016.7148,8389.2188,766.73065,254799.84,231785.94,486585.78,Matched (3),Matched (3)
64,Maulvi Bazar Sadar,,5055444B59699637370048,BGD,ADM3,7401946.5,16998.773,300,82995,0.361,11320,90700,12.5,Matched (3),0.019169077,Matched (3),9240,418980,2.21,Matched (3),243951536,Matched (3),228196.08,374375.42,381.24512,602571.5,149733.17,Matched (3),53.393696,7.783093,45.610603,9.8097391,5.0727758,6667.8359,6461.521,13129.357,3.76,3900.9299,8562.5176,665.9093,177298.06,171842.98,349141.06,Matched (3),Matched (3)
87,Nangalkot,,5055444B76725439062785,BGD,ADM3,6430478.5,16343.984,408,123877,0.329,6920,54160,12.8,Matched (3),0.153279216,Matched (3),13260,376700,3.52,Matched (3),704046336,Matched (3),122252.65,226561.82,798.51105,348814.47,157644.23,Matched (3),57.018963,9.1394758,47.879486,9.7785378,5.8206191,6384.0093,5807.396,12191.405,3.43,3717.5015,7764.2886,709.6153,186341.02,169510.42,355851.44,Matched (3),Matched (3)
34,Laksam,,5055444B78219247274360,BGD,ADM3,5840859.5,7501.6948,252,108572,0.23199999,4720,44340,10.6,Matched (3),0.209874721,Matched (3),4580,243400,1.88,Matched (3),473493344,Matched (3),57791.258,154812.76,428.1362,212604.02,96905.609,Matched (3),57.018963,9.1394758,47.879486,9.7785378,5.8206191,6158.0225,5601.8203,11759.843,5.85,3585.906,7489.4409,684.49567,105297.52,95786.891,201084.41,Matched (3),Matched (3)
24,Cox's Bazar Sadar,,5055444B44088891115489,BGD,ADM3,9825902,447634.63,12426,149199,8.3280001,540,36100,1.5,Matched (3),0.182723893,Matched (3),33340,461140,7.23,Matched (3),2021165440,Matched (3),25517.201,136364.19,444.07529,161881.39,175905.5,Matched (3),61.794834,5.7176666,56.077168,11.557531,3.5338995,5481.5161,5760.3403,11241.856,2.43,3896.3633,6948.2168,397.27591,225345.8,236808.28,462154.09,Matched (3),Matched (3)
58,Kutubdia,,5055444B6774293613253,BGD,ADM3,1532983.8,32201.68,434,24313,1.785,0,0,,Matched (3),-0.052719843,Matched (3),7620,159340,4.7800002,Matched (3),412609056,Matched (3),9308,86369.63,28.511389,95677.625,25354.574,Matched (3),61.794834,5.7176671,56.077168,11.55753,3.5338993,4504.4224,4733.5454,9237.9678,7.47,3201.8269,5709.6802,326.46048,60293.559,63360.465,123654.02,Matched (3),Matched (3)
11,Banshkhali,,5055444B49096359165052,BGD,ADM3,9096345,78127.227,1058,154665,0.68400002,2320,52760,4.4000001,Matched (3),0.079519276,Matched (3),8060,360000,2.24,Matched (3),1272369152,Matched (3),54933.891,256141.80,145,311075.69,223254.56,Matched (3),44.281559,5.9632025,38.318356,8.4296913,4.1340585,4163.7432,4254.5264,8418.2695,2.76,2236.1467,5834.2241,347.89874,150603.55,153892.63,304496.16,Matched (3),Matched (3)
53,Sreemangal,,5055444B61286165049189,BGD,ADM3,6313192,10908.818,325,87716,0.37099999,4100,75480,5.4000001,Matched (3),-0.147890166,Matched (3),7540,371940,2.03,Matched (3),716744000,Matched (3),107210.09,289798.60,36.71508,397008.69,121570.55,Matched (3),52.592228,7.6999221,44.892303,9.616601,5.0460777,3829.0884,3714.0178,7543.1064,2.25,2219.1658,4943.3096,380.63101,169938.61,164831.67,334770.28,Matched (3),Matched (3)
2,Juri,,5055444B59468636811398,BGD,ADM3,3158482,13108.726,240,41757,0.57499999,5740,30240,19,Matched (3),-0.037356367,Matched (3),5800,47920,12.1,Matched (3),290124384,Matched (3),101002.7,137974.66,922.36151,238977.36,81264.188,Matched (3),52.592228,7.6999221,44.892303,9.616601,5.0460777,3544.5049,3437.9866,6982.4917,6.79,2054.2339,4575.9155,352.34195,52173.164,50605.273,102778.44,Matched (3),Matched (3)
75,Mahalchhari,,5055444B90687829441345,BGD,ADM3,1332859.8,2211.1563,75,25602,0.29300001,3680,21020,17.5,Matched (3),-0.362880553,Matched (3),2000,445260,0.44999999,Matched (3),79609688,Matched (3),31063.27,56085.43,190,87148.695,32948.809,Matched (3),51.546036,7.2718086,44.274227,9.3839912,4.7939272,3036.5459,3230.4424,6266.9883,12.30,1843.0828,4119.6074,304.29807,24754.406,26205.246,50959.652,Matched (3),Matched (3)
27,Banchharampur,,5055444B96018438653421,BGD,ADM3,4941778.5,12757.941,302,118642,0.255,3880,65820,5.9000001,Matched (3),0.194989973,Matched (3),2920,249760,1.17,Matched (3),865687040,Matched (3),15876.171,212117.24,629.94061,227993.41,173109.86,Matched (3),64.529205,9.0310555,55.498154,11.676194,5.4900432,3191.9165,2939.2676,6131.1841,2.20,2063.123,3731.1245,336.93671,145118.78,133732.34,278851.13,Matched (3),Matched (3)
4,Akhaura,,5055444B62959054248390,BGD,ADM3,3099599.5,7505.793,196,60787,0.322,6420,31020,20.700001,Matched (3),0.269625,Matched (3),7280,175000,4.1599998,Matched (3),306597696,Matched (3),48938.051,97505.34,294.7049,146443.39,64554.285,Matched (3),65.128571,9.0274067,56.101162,11.824917,5.4668956,3001.8872,2766.646,5768.5332,4.76,1959.8148,3493.3586,315.35971,63094.336,58149.984,121244.32,Matched (3),Matched (3)
84,Madhabpur,,5055444B26771557951521,BGD,ADM3,5855895,24865.465,102,84576,0.121,7160,66880,10.7,Matched (3),-0.139399878,Matched (3),1700,285140,0.60000002,Matched (3),757523968,Matched (3),86970.492,376100.64,540.01105,463071.13,172713.2,Matched (3),61.784588,8.662941,53.121647,11.553192,5.3533912,2894.2231,2762.2612,5656.4844,1.73,1839.8225,3515.5007,301.16113,167095.88,160479.7,327575.56,Matched (3),Matched (3)
76,Satkania,,5055444B15331282943417,BGD,ADM3,6912655.5,4546.2915,75,103574,0.071999997,560,55740,1,Matched (3),-0.078249181,Matched (3),80,348320,0.02,Matched (3),1313293568,Matched (3),5664.542,280800.59,80.153191,286465.13,173772.97,Matched (3),44.034763,5.9666629,38.068104,8.3856144,4.1425157,2696.7964,2754.3245,5451.1206,1.66,1440.7205,3784.5869,225.81354,161976.77,165432.06,327408.84,Matched (3),Matched (3)
50,Habiganj Sadar,,5055444B24382626124582,BGD,ADM3,6018861.5,55478.84,423,84205,0.50199997,5440,55160,9.8999996,Matched (3),-0.159066844,Matched (3),11400,243060,4.6900001,Matched (3),691646464,Matched (3),117022.23,326668.11,512.43805,443690.34,124225.67,Matched (3),60.040417,8.4728413,51.567577,11.411465,5.2941885,2561.8818,2463.0771,5024.959,1.64,1619.1219,3139.8062,266.03079,156624.06,150583.5,307207.56,Matched (3),Matched (3)
60,Chhagalnaiya,,5055444B26511265806420,BGD,ADM3,4607731,17835.813,329,59835,0.55000001,5660,28440,19.9,Matched (3),-0.071877411,Matched (3),2080,89880,2.3099999,Matched (3),538727552,Matched (3),92416.461,100186.48,966.71521,192602.94,96013.086,Matched (3),51.15921,9.0231714,42.136036,8.8893948,5.9693165,2566.4399,2377.8066,4944.2466,3.18,1378.2222,3270.887,295.13776,80756.695,74827.859,155584.55,Matched (3),Matched (3)
80,Ashuganj,,5055444B32932838704208,BGD,ADM3,3225152.3,10486.758,155,53536,0.28999999,2100,23280,9,Matched (3),0.158945717,Matched (3),680,140160,0.49000001,Matched (3),439669408,Matched (3),14145.053,83520.42,377.51697,97665.477,62133.598,Matched (3),65.128563,9.0274067,56.101162,11.824917,5.4668956,2455.1946,2262.7947,4717.9893,2.82,1602.9005,2857.1611,257.92755,87168.477,80337.57,167506.05,Matched (3),Matched (3)
68,Anowara,,5055444B66497559634365,BGD,ADM3,6260397,3058.929,70,93389,0.075000003,640,32000,2,Matched (3),0.479095073,Matched (3),2040,411600,0.5,Matched (3),1180157568,Matched (3),15176.725,169232.59,64,184409.31,112280.64,Matched (3),44.034763,5.9666629,38.0681,8.3856144,4.1425157,2293.0796,2341.9956,4635.0752,2.07,1225.0411,3218.0251,192.00871,110721.89,113083.81,223805.7,Matched (3),Matched (3)
51,Teknaf,,5055444B37552741338938,BGD,ADM3,7888933.5,75581.242,1910,123162,1.551,800,63660,1.3,Matched (3),-0.028820461,Matched (3),29260,844480,3.46,Matched (3),1032096320,Matched (3),5688.7017,109621.88,66,115310.58,155797.31,Matched (3),61.794834,5.7176671,56.077168,11.557531,3.5338995,2224.2576,2337.3972,4561.6548,1.70,1581.0436,2819.407,161.2043,131087.19,137755.11,268842.31,Matched (3),Matched (3)
62,Fatikchhari,,5055444B95801532899797,BGD,ADM3,14835170,104.039,5,240285,0.002,80,112800,0.1,Matched (3),-0.174077828,Matched (3),260,1282900,0.02,Matched (3),2035165184,Matched (3),7839.9551,528444.23,191,536284.19,379412.44,Matched (3),44.034763,5.9666629,38.068104,8.3856144,4.1425157,2099.4512,2144.2366,4243.6875,1.07,1121.5983,2946.2939,175.79543,196886.13,201086.11,397972.25,Matched (3),Matched (3)
17,Meghna,,5055444B22662076450588,BGD,ADM3,2214199.8,7426.6777,167,52252,0.31999999,920,5640,16.299999,Matched (3),0.289245455,Matched (3),2320,203440,1.14,Matched (3),336891744,Matched (3),5152.0083,105444.83,242.37912,110596.84,69406.516,Matched (3),54.596764,8.5639496,46.032814,9.559824,5.5086613,2041.0632,1899.4945,3940.5579,3.93,1171.137,2551.9971,217.42381,52503.512,47835.004,100338.52,Matched (3),Matched (3)
59,Fulgazi,,5055444B33879349571627,BGD,ADM3,2658679.3,7958.0996,148,38462,0.38499999,4700,20340,23.1,Matched (3),0.07999406,Matched (3),6380,114680,5.5599999,Matched (3),278166752,Matched (3),78007.227,95876.97,295,173884.2,53230.66,Matched (3),51.159206,9.0231714,42.136036,8.8893948,5.969317,1988.9714,1842.782,3831.7534,3.79,1068.1116,2534.9124,228.72949,52447.992,48593.063,101041.05,Matched (3),Matched (3)
71,Patenga,,5055444B40707250714885,BGD,ADM3,5079659.5,15800.022,144,37508,0.384,140,12820,1.1,Matched (3),0.608717391,Matched (3),1680,169220,0.99000001,Matched (3),529597280,Matched (3),351,6526.48,519.51343,6877.4795,48467.473,Matched (3),44.034763,5.9666629,38.068104,8.3856144,4.1425157,1802.0491,1840.4904,3642.5393,1.73,962.71588,2528.9307,150.89276,104411.55,106638.85,211050.41,Matched (3),Matched (3)
86,Titas,,5055444B67482191059434,BGD,ADM3,3506226,3459.1829,82,78009,0.105,1060,23680,4.5,Matched (3),0.278262035,Matched (3),3240,312480,1.04,Matched (3),451605280,Matched (3),11101.052,132602.17,197.38332,143703.22,98296.273,Matched (3),57.018963,9.1394758,47.879486,9.7785378,5.8206191,1815.0259,1651.0901,3466.116,1.94,1056.916,2207.4507,201.7494,93553.469,85103.578,178657.05,Matched (3),Matched (3)
42,Homna,,5055444B68305043582994,BGD,ADM3,3126079.8,1859.96,49,72490,0.068000004,1640,43440,3.8,Matched (3),0.237987279,Matched (3),760,105760,0.72000003,Matched (3),433707296,Matched (3),5792.917,172902.44,177.42384,178695.36,116281.88,Matched (3),57.330109,9.1351757,48.194931,9.8570518,5.8070478,1721.0852,1566.342,3287.4272,1.79,1006.3889,2090.092,190.94626,95995.742,87347.188,183342.94,Matched (3),Matched (3)
69,Mirsharai,,5055444B69190373788059,BGD,ADM3,10176713,20109.525,465,126021,0.36899999,2920,72240,4,Matched (3),-0.095793837,Matched (3),29380,869700,3.3800001,Matched (3),1163783424,Matched (3),95350.906,270578.12,542.47534,365929.03,230944.38,Matched (3),47.220661,7.3334665,39.887192,8.6108942,4.9594212,1650.0551,1630.3906,3280.4458,0.94,883.12561,2241.0667,156.25343,173447.55,176707.88,350155.44,Matched (3),Matched (3)
63,Bahubal,,5055444B50852908884979,BGD,ADM3,3992759,4136.8906,130,58678,0.222,2380,61620,3.9000001,Matched (3),-0.115390719,Matched (3),1600,130880,1.22,Matched (3),461519456,Matched (3),55687.457,293653.82,185.65791,349341.28,98909.805,Matched (3),60.040417,8.4728413,51.567577,11.411466,5.2941885,1642.5348,1579.1866,3221.7214,1.72,1038.0901,2013.0674,170.56401,95544.734,91864.906,187409.64,Matched (3),Matched (3)
5,Parshuram,,5055444B3242961930205,BGD,ADM3,2312443.8,1646.7737,48,34538,0.139,700,13860,5.0999999,Matched (3),0.04130444,Matched (3),2080,90160,2.3099999,Matched (3),227215216,Matched (3),43075.773,126124.20,79,169199.97,38612.074,Matched (3),51.15921,9.0231714,42.136036,8.8893948,5.969317,1313.2213,1216.6996,2529.9209,3.94,705.22229,1673.6797,151.019,33344.566,30893.742,64238.309,Matched (3),Matched (3)
1,Chandgaon,,5055444B37030351476694,BGD,ADM3,4195004.5,355.67639,4,40560,0.01,0,11060,0,Matched (3),0.450672727,Matched (3),20,168600,0.01,Matched (3),1283323136,Matched (3),454,5615.41,24,6069.4131,39296.25,Matched (3),44.034763,5.9666629,38.068104,8.3856134,4.1425157,935.50177,955.45789,1890.9596,0.68,499.77686,1312.8495,78.333298,137178.83,140105.13,277283.94,Matched (3),Matched (3)
6,Rangunia,,5055444B52491986806664,BGD,ADM3,8002401,648.45648,12,111987,0.011,1220,81100,1.5,Matched (3),-0.104626581,Matched (3),140,478260,0.029999999,Matched (3),1437262080,Matched (3),460.90445,321598.66,10,322059.56,172465.44,Matched (3),44.034763,5.9666629,38.0681,8.3856144,4.1425157,934.95795,954.90247,1889.8605,0.62,499.48636,1312.0863,78.287766,151105.39,154407.53,305512.91,Matched (3),Matched (3)
79,Bayejid Bostami,,5055444B75251324769772,BGD,ADM3,5073926.5,36.738098,1,53692,0.002,160,11360,1.4,Matched (3),0.450672727,Matched (3),160,274440,0.059999999,Matched (3),1163206656,Matched (3),238,12337.23,14,12575.229,54749.363,Matched (3),44.034763,5.9666629,38.0681,8.3856144,4.1425157,854.64923,872.88055,1727.5298,0.35,456.58267,1199.3839,71.563194,241358.31,246506.97,487865.28,Matched (3),Matched (3)
81,Chandanaish,,5055444B97657491175799,BGD,ADM3,4283023.5,334.57941,11,70337,0.016000001,980,31860,3.0999999,Matched (3),-0.079151013,Matched (3),1700,245320,0.69,Matched (3),1079841152,Matched (3),5334.9409,147907.70,69.846809,153242.64,102386.12,Matched (3),44.034763,5.9666629,38.0681,8.3856144,4.1425157,817.13873,834.56989,1651.7086,0.74,436.5433,1146.743,68.422287,110103.36,112452.09,222555.45,Matched (3),Matched (3)
56,Ramgarh,,5055444B38799821527712,BGD,ADM3,1870257.5,21.6329,1,34759,0.003,0,34680,0,Matched (3),-0.331082111,Matched (3),0,90220,0,Matched (3),57658960,Matched (3),1855.5773,55619.02,12,57474.598,40012.68,Matched (3),50.230888,7.0688219,43.162064,9.215457,4.6947994,750.39441,776.49432,1526.8887,3.35,424.58557,1033.9067,68.3964,22254.029,23321.688,45575.719,Matched (3),Matched (3)
40,Patiya,,5055444B19774112487674,BGD,ADM3,11226585,1356.016,30,158892,0.018999999,1280,64420,2,Matched (3),0.140525382,Matched (3),4860,841220,0.57999998,Matched (3),724223360,Matched (3),6541.8335,239533.01,114,246074.84,224935.06,Matched (3),44.034763,5.9666629,38.0681,8.3856144,4.1425157,726.94629,742.45349,1469.3998,0.45,388.35944,1020.1702,60.870117,163067,166545.55,329612.56,Matched (3),Matched (3)
32,Kamalganj,,5055444B17952966104219,BGD,ADM3,5037934.5,1598.0009,23,73807,0.030999999,240,55240,0.40000001,Matched (3),-0.122805926,Matched (3),1840,201700,0.91000003,Matched (3),563864960,Matched (3),21395.016,354875.89,15,376270.91,113388.34,Matched (3),52.592228,7.6999221,44.892303,9.616601,5.0460777,622.75311,604.03833,1226.7915,0.63,360.9194,803.96722,61.90485,98275.734,95322.383,193598.13,Matched (3),Matched (3)
31,Sitakunda,,5055444B64235181700103,BGD,ADM3,9911688,43577.102,13,119970,0.011,200,60360,0.30000001,Matched (3),0.119166148,Matched (3),1720,664700,0.25999999,Matched (3),1838761728,Matched (3),4892.1421,117175.34,142,122067.48,191687.67,Matched (3),44.034763,5.9666629,38.0681,8.3856144,4.1425157,578.6687,591.01282,1169.6815,0.26,309.1445,812.08276,48.454243,222862.14,227616.23,450478.38,Matched (3),Matched (3)
14,Ukhia,,5055444B67012705011880,BGD,ADM3,12894076,472.79459,22,231054,0.01,280,49120,0.60000002,Matched (3),-0.135573386,Matched (3),1560,1360080,0.11,Matched (3),938798336,Matched (3),922.29834,101270.90,69,102193.2,242365.22,Matched (3),61.794834,5.7176666,56.077168,11.55753,3.5338993,553.07269,581.20544,1134.2781,0.53,393.13434,701.05957,40.084248,104847.03,110251.77,215098.8,Matched (3),Matched (3)
83,Hathazari,,5055444B98016911778597,BGD,ADM3,9106999,586.91931,16,139442,0.011,1020,54740,1.9,Matched (3),0.183063538,Matched (3),660,575680,0.11,Matched (3),1431547776,Matched (3),12057.957,194023.18,48,206081.14,181418.84,Matched (3),44.034767,5.9666629,38.068104,8.3856144,4.1425157,550.31219,562.05145,1112.3636,0.28,293.99548,772.28827,46.079838,198160.48,202387.64,400548.13,Matched (3),Matched (3)
13,Ramu,,5055444B73950402088749,BGD,ADM3,8095728,27985.426,638,111661,0.57099998,300,64520,0.5,Matched (3),-6.19E+307,Matched (3),620,917380,0.07,Matched (3),1166167168,Matched (3),1623.0179,248747.68,13.31847,250370.7,199420.55,Matched (3),61.794834,5.7176666,56.077168,11.55753,3.5338995,448.32227,471.12674,919.44897,0.33,318.67578,568.28082,32.492405,137375.95,144406.95,281782.91,Matched (3),Matched (3)
21,Raozan,,5055444B26554901820582,BGD,ADM3,6815208,1335.2994,18,88129,0.02,1720,68120,2.5,Matched (3),0.063737012,Matched (3),1180,597500,0.2,Matched (3),1286928128,Matched (3),17118.014,259272.30,5,276390.31,157825.19,Matched (3),44.034763,5.9666629,38.0681,8.3856134,4.1425157,449.49997,459.08868,908.58862,0.30,240.13817,630.81207,37.638428,151804.81,155043.11,306847.94,Matched (3),Matched (3)
57,Pahartali,,5055444B18185339389693,BGD,ADM3,2415246.8,13.4561,1,23940,0.004,0,4400,0,Matched (3),0.450672727,Matched (3),0,77760,0,Matched (3),602861568,Matched (3),0,1173.34,1,1173.3351,18139.576,Matched (3),44.034763,5.9666629,38.0681,8.3856144,4.1425157,347.55679,354.97086,702.52765,0.43,185.67665,487.74869,29.10232,81070.172,82799.555,163869.73,Matched (3),Matched (3)
36,Chunarughat,,5055444B46183445583986,BGD,ADM3,5915691.5,69.882202,4,93173,0.004,120,43520,0.30000001,Matched (3),-0.157688319,Matched (3),0,134780,0,Matched (3),739926336,Matched (3),2278.8494,493101.84,9,495380.69,127931.71,Matched (3),60.040417,8.4728413,51.567574,11.411465,5.294189,253.87564,244.08438,497.96002,0.18,160.45067,311.14642,26.362944,138678.31,133329.88,272008.19,Matched (3),Matched (3)
46,Bakalia,,5055444B62979600608461,BGD,ADM3,2543592.8,1937.6941,38,26467,0.14399999,200,4800,4.1999998,Matched (3),0.450672727,Matched (3),200,93700,0.20999999,Matched (3),599898048,Matched (3),0,191.00,164.58989,191,19628.617,Matched (3),44.034763,5.9666629,38.0681,8.3856144,4.1425161,192.53824,196.64546,389.18372,0.38,102.86048,270.20123,16.121998,50437.563,51513.496,101951.05,Matched (3),Matched (3)
19,Chittagong Port,,5055444B96751245569599,BGD,ADM3,2956585.8,,,27379,0,0,6840,0,Matched (3),0.580287527,Matched (3),260,131280,0.2,Matched (3),660823040,Matched (3),31,1265.02,1,1296.0153,26023.635,Matched (3),44.034763,5.9666629,38.0681,8.3856144,4.1425161,168.31369,171.90416,340.21786,0.25,89.9189,236.20538,14.093578,67871.398,69319.234,137190.63,Matched (3),Matched (3)
30,Double Mooring,,5055444B66556337069640,BGD,ADM3,3108248.3,,,29407,0,0,1780,0,Matched (3),0.457826122,Matched (3),160,118940,0.13,Matched (3),931507136,Matched (3),0,,4,0,18295.809,Matched (3),44.034763,5.9666629,38.0681,8.3856134,4.1425157,154.66658,157.96593,312.63251,0.14,82.628151,217.0535,12.95085,111914.79,114302.15,226216.94,Matched (3),Matched (3)
35,Dighinala,,5055444B92856865175572,BGD,ADM3,2646839.5,5.6792002,1,46447,0.002,100,50580,0.2,Matched (3),-0.485993427,Matched (3),0,75280,0,Matched (3),191001120,Matched (3),895,113505.74,3,114400.74,61136,Matched (3),53.088776,7.5771799,45.511593,9.5982122,4.949533,115.51151,121.73142,237.24294,0.24,70.529686,154.97081,11.742417,47503.504,50061.418,97564.922,Matched (3),Matched (3)
67,Boalkhali,,5055444B39554160616851,BGD,ADM3,3995077.3,712.15613,18,55803,0.032000002,980,21680,4.5,Matched (3),0.042671675,Matched (3),120,226580,0.050000001,Matched (3),243311040,Matched (3),9735.1592,70699.51,26,80434.672,91807.211,Matched (3),44.034763,5.9666629,38.0681,8.3856144,4.1425157,104.84586,107.08244,211.9283,0.18,56.01223,147.1369,8.7791634,59382.98,60649.738,120032.72,Matched (3),Matched (3)
47,Khulshi,,5055444B97703922589889,BGD,ADM3,2839604.3,76.3088,1,32833,0.003,0,2940,0,Matched (3),0.450672727,Matched (3),0,158600,0,Matched (3),1597369728,Matched (3),0,,2,0,26698.889,Matched (3),44.034767,5.9666629,38.068104,8.3856134,4.1425157,101.15605,103.31392,204.46997,0.06,54.041004,141.95876,8.4702005,182468.03,186360.44,368828.47,Matched (3),Matched (3)
44,Lohagara,,5055444B32629504836566,BGD,ADM3,6316334.5,199.68201,1,84482,0.001,60,65340,0.1,Matched (3),-0.124364401,Matched (3),0,432780,0,Matched (3),995980288,Matched (3),68,218068.80,0,218136.8,161324.78,Matched (3),44.034763,5.9666629,38.0681,8.3856134,4.1425157,14.387078,14.693984,29.081062,0.01,7.6860662,20.190308,1.2046876,135297.63,138533.33,273830.94,Matched (3),Matched (3)
33,Kotwali,,5055444B43057747226647,BGD,ADM3,3079982.5,,,30832,0,0,5420,0,Matched (3),0.450672727,Matched (3),120,148740,0.079999998,Matched (3),1283646720,Matched (3),0,,4,0,22081.738,Matched (3),44.034767,5.9666629,38.068108,8.3856144,4.1425157,12.763384,13.035654,25.799038,0.01,6.818635,17.911674,1.0687293,115795.57,118265.72,234061.28,Matched (3),Matched (3)
20,Panchhari,,5055444B74503201942965,BGD,ADM3,2011209.3,,,33051,0,0,26960,0,Matched (3),-0.409723951,Matched (3),0,80780,0,Matched (3),58345884,Matched (3),4,75080.14,0,75084.141,62072.906,Matched (3),53.088779,7.5771799,45.511597,9.5982122,4.9495335,4.2184114,4.44556,8.6639709,0.02,2.5757027,5.6594424,0.42882615,23792.754,25073.918,48866.672,Matched (3),Matched (3)
70,Khagrachhari Sadar,,5055444B92688731308594,BGD,ADM3,2839534,,,41713,0,0,32260,0,Matched (3),-0.319802612,Matched (3),0,136380,0,Matched (3),104461344,Matched (3),460.43314,73779.21,0,74239.641,75323.922,Matched (3),53.088772,7.5771794,45.511593,9.5982122,4.949533,1.0608728,1.1179974,2.1788702,0.00,0.64775389,1.4232724,0.10784391,52216.734,55028.438,107245.17,Matched (3),Matched (3)
9,Matiranga,,5055444B50883090324101,BGD,ADM3,3834073.8,,,71587,0,0,29620,0,Matched (3),-0.326040401,Matched (3),0,112620,0,Matched (3),450349856,Matched (3),35,109560.99,0,109595.99,169961.56,Matched (3),0,0,0,0,0,0,0,0,0.00,0,0,0,74713.406,78736.484,153449.89,Matched (3),Matched (3)
74,Panchlaish,,5055444B64565543707518,BGD,ADM3,2475764.3,,,22914,0,0,3060,0,Matched (3),0.450672727,Matched (3),0,108860,0,Matched (3),1224330880,Matched (3),0,16.00,0,16,15240.143,Matched (3),0,0,0,0,0,0,0,0,0.00,0,0,0,127333.63,130049.91,257383.53,Matched (3),Matched (3)
12,Halishahar,,5055444B67671348239307,BGD,ADM3,2827726.8,51.124401,1,28028,0.004,0,4100,0,Matched (3),0.450672727,Matched (3),720,144000,0.5,Matched (3),431474176,Matched (3),0,1119.30,0,1119.297,23074.607,Matched (3),0,0,0,0,0,0,0,0,0.00,0,0,0,110018.17,112365.08,222383.25,Matched (3),Matched (3)
28,Lakshmichhari,,5055444B76771399523865,BGD,ADM3,618171.25,,,12561,0,0,4040,0,Matched (3),-0.292800446,Matched (3),0,36840,0,Matched (3),43520108,Matched (3),0,11285.03,0,11285.03,5457.2822,Matched (3),0,0,0,0,0,0,0,0,0.00,0,0,0,11913.722,12555.237,24468.959,Matched (3),Matched (3)
7,Manikchhari,,5055444B84634680798783,BGD,ADM3,1757660.4,232.6218,2,33561,0.006,0,18820,0,Matched (3),-0.322465952,Matched (3),0,54320,0,Matched (3),123894184,Matched (3),9,41622.74,1,41631.738,54510.754,Matched (3),0,0,0,0,0,0,0,0,0.00,0,0,0,26405.525,27808.777,54214.301,Matched (3),Matched (3)
82,Kawkhali (Betbunia),,5055444B19367082920466,BGD,ADM3,1304985,NA,NA,21381,0,0,120,0,Matched (3),NA,Master only (1),0,143040,0,Matched (3),NA,Master only (1),NA,NA,NA,NA,NA,Master only (1),NA,NA,NA,NA,NA,NA,NA,NA,NA,NA,NA,NA,NA,NA,NA,Master only (1),Master only (1)
